{
  "project_info": {
    "project_number": "75142765442",
    "project_id": "withpetfirebase",
    "storage_bucket": "withpetfirebase.appspot.com"
  },
  "client": [
    {
      "client_info": {
        "mobilesdk_app_id": "1:75142765442:android:e89e9d7459db308f768d9b",
        "android_client_info": {
          "package_name": "com.example.withpet_login"
        }
      },
      "oauth_client": [],
      "api_key": [
        {
          "current_key": "AIzaSyD9dDIlG5MWzmR9uRnIBmmfNGcw5b3j5xs"
        }
      ],
      "services": {
        "appinvite_service": {
          "other_platform_oauth_client": []
        }
      }
    }
  ],
  "configuration_version": "1"
}